{"cameraMode":{"drawMode":0,"name":"Shaded","section":"Shading Mode"},"sceneLighting":true,"audioPlay":false,"sceneViewState":{"m_AlwaysRefresh":false,"showFog":true,"showSkybox":true,"showFlares":true,"showImageEffects":true,"showParticleSystems":true,"showVisualEffectGraphs":true,"m_FxEnabled":true},"in2DMode":false,"pivot":{"x":26.31704330444336,"y":-56.77204895019531,"z":8.608467102050782},"rotation":{"x":-0.005897600203752518,"y":-0.7113173007965088,"z":0.7028322815895081,"w":-0.005965546239167452},"size":107.99024200439453,"orthographic":false}